# key	Internet Archive item	file	licence
pop1	JoshWoodwardSelection	06-JoshWoodward-TheSimpleLife-02-Go.mp3	CC BY 3.0
pop2	JoshWoodwardSelection	11-JoshWoodward-NotQuiteConnected-02-Effortless.mp3	CC BY 3.0
rock1	JoshWoodwardSelection	08-JoshWoodward-TheSimpleLife-08-MorningBlue.mp3	CC BY 3.0
rock2	nineinchnails_ghosts_I_IV	01_Ghosts_I_320kb.mp3	CC BY-NC-SA 3.0 US
folk1	JoshWoodwardSelection	05-JoshWoodward-Breadcrumbs-09-OnceTomorrow.mp3	CC BY 3.0
folk2	JoshWoodwardSelection	09-JoshWoodward-TheSimpleLife-17-ShadowsInTheMoonlight.mp3	CC BY 3.0
cand1	JoshWoodwardSelection	14-JoshWoodward-OnlyWhispering-01-OnlyWhispering.mp3	CC BY 3.0
cand2	JoshWoodwardSelection	10-JoshWoodward-TheSimpleLife-19-Memorized.mp3	CC BY 3.0
cand3	JoshWoodwardSelection	02-JoshWoodward-Ashes-09-Pompeii.mp3	CC BY 3.0
cand4	JoshWoodwardSelection	01-JoshWoodward-Ashes-02-Cherubs.mp3	CC BY 3.0
hiphop1	DWK123	ProleteR_-_09_-_May_Flowers_feat._Taskrok.mp3	CC BY-NC-ND 3.0
hiphop2	DWK123	ProleteR_-_11_-_Do_A_Stupid_Little_Dance_feat._Taskrok.mp3	CC BY-NC-ND 3.0
edm1	Kevin-MacLeod_Light-Electronic_2014_FullAlbum	Light Electronic/Kevin MacLeod - 08 - Pamgaea.mp3	CC BY (incompetech)
edm2	Kevin-MacLeod_Light-Electronic_2014_FullAlbum	Light Electronic/Kevin MacLeod - 12 - Show Your Moves.mp3	CC BY (incompetech)
jazz1	Jazz_Sampler-9619	Kevin_MacLeod_-_Night_on_the_Docks_-_Sax.mp3	CC BY 3.0
jazz2	Jazz_Sampler-9619	Kevin_MacLeod_-_Dances_and_Dames.mp3	CC BY 3.0
classical1	musopen-chopin	Ballade no. 1 - Op. 23.mp3	CC0 1.0
orch1	scott-buckley	Supernova (CC-BY) [112362928].mp3	CC BY 4.0
orch2	scott-buckley	Eclipse (CC-BY) [108262202].mp3	CC BY 4.0
speech1	stories_006_librivox	after_twenty_years_henry_dr_64kb.mp3	Public domain
speech2	stories_006_librivox	childs_dream_of_a_star_dickens_sc_64kb.mp3	Public domain
